,Date,IPO
0,Nov 4 2021,LIBY
1,Nov 4 2021,SHCA
2,Nov 4 2021,CDRE
3,Nov 4 2021,ARHS
4,Nov 4 2021,LGST
5,Nov 4 2021,NRDS
6,Nov 4 2021,LION
7,Nov 4 2021,MDXH
8,Nov 4 2021,DHAC
9,Nov 4 2021,MPRA
10,Nov 4 2021,FNVT
11,Nov 4 2021,EVO
12,Nov 3 2021,ONYX
13,Nov 3 2021,TGVC
14,Nov 3 2021,MLAI
15,Nov 3 2021,TRAQ
16,Nov 3 2021,INTE
17,Nov 3 2021,FRLA
18,Nov 3 2021,BIRD
19,Nov 3 2021,CMTG
20,Nov 1 2021,VSAC
21,Nov 1 2021,LIAN
22,Oct 29 2021,BFRI
23,Oct 29 2021,PEGR
24,Oct 29 2021,SEDA
25,Oct 29 2021,CCTS
26,Oct 29 2021,ARCK
27,Oct 29 2021,AIRS
28,Oct 29 2021,UDMY
29,Oct 29 2021,SONX
30,Oct 29 2021,AURA
31,Oct 29 2021,AEAE
32,Oct 29 2021,TRDA
33,Oct 29 2021,HRT
34,Oct 28 2021,FIAC
35,Oct 28 2021,PCCT
36,Oct 28 2021,DTC
37,Oct 28 2021,GFS
38,Oct 28 2021,FLNC
39,Oct 28 2021,ADAL
40,Oct 28 2021,SCMA
41,Oct 27 2021,OHAA
42,Oct 27 2021,USCT
43,Oct 27 2021,DMAQ
44,Oct 27 2021,LVAC
45,Oct 27 2021,IOAC
46,Oct 27 2021,PHYT
47,Oct 27 2021,RENT
48,Oct 27 2021,MRAI
49,Oct 27 2021,INFA
50,Oct 27 2021,AIP
51,Oct 22 2021,MBSC
52,Oct 22 2021,UTRS
53,Oct 22 2021,ARIS
54,Oct 22 2021,XLO
55,Oct 22 2021,PGSS
56,Oct 22 2021,ICNC
57,Oct 21 2021,PTLO
58,Oct 21 2021,THAC
59,Oct 21 2021,VTYX
60,Oct 21 2021,NHIC
61,Oct 21 2021,PX
62,Oct 21 2021,ENFN
63,Oct 21 2021,XFIN
64,Oct 21 2021,GOGN
65,Oct 21 2021,ENER
66,Oct 21 2021,GTAC
67,Oct 21 2021,RWAY
68,Oct 21 2021,COCO
69,Oct 20 2021,SDIG
70,Oct 20 2021,AXH
71,Oct 20 2021,CYN
72,Oct 20 2021,ESAC
73,Oct 20 2021,ACAQ
74,Oct 20 2021,NCAC
75,Oct 20 2021,WWAC
76,Oct 20 2021,CNTX
77,Oct 19 2021,BMAQ
78,Oct 19 2021,SMAP
79,Oct 19 2021,FEXD
80,Oct 19 2021,ENTF
81,Oct 15 2021,AVHI
82,Oct 15 2021,FOUN
83,Oct 15 2021,INKT
84,Oct 15 2021,CDAQ
85,Oct 15 2021,SANB
86,Oct 15 2021,PEPL
87,Oct 15 2021,FNA
88,Oct 14 2021,LUCD
89,Oct 14 2021,BMAC
90,Oct 14 2021,ROSE
91,Oct 14 2021,GTLB
92,Oct 14 2021,TRIS
93,Oct 14 2021,IHS
94,Oct 13 2021,AVDX
95,Oct 13 2021,FATP
96,Oct 13 2021,HCTI
97,Oct 12 2021,GIAC
98,Oct 8 2021,SAMA
99,Oct 8 2021,HWKZ
100,Oct 8 2021,ISO
101,Oct 8 2021,CGTX
102,Oct 8 2021,JMAC
103,Oct 8 2021,LCW
104,Oct 8 2021,PYXS
105,Oct 7 2021,THRX
106,Oct 7 2021,LTH
107,Oct 7 2021,TCN
108,Oct 7 2021,IXAQ
109,Oct 6 2021,PBAX
110,Oct 6 2021,PCX
111,Oct 6 2021,NFYS
112,Oct 6 2021,VLCN
113,Oct 6 2021,AVAC
114,Oct 6 2021,NVEI
115,Oct 5 2021,RNER
116,Oct 5 2021,BHAC
117,Oct 1 2021,FWRG
118,Oct 1 2021,TDCX
119,Oct 1 2021,EXAI
120,Oct 1 2021,MTRY
121,Oct 1 2021,GATE
122,Oct 1 2021,DMYS
123,Sep 30 2021,OLPX
124,Sep 30 2021,HPLT
125,Sep 30 2021,ARTE
126,Sep 29 2021,MEKA
127,Sep 29 2021,HCVI
128,Sep 29 2021,WRBY
129,Sep 28 2021,BACA
130,Sep 28 2021,AMPL
131,Sep 28 2021,PRBM
132,Sep 24 2021,CWAN
133,Sep 24 2021,HLTH
134,Sep 24 2021,GIA
135,Sep 24 2021,DSAQ
136,Sep 23 2021,ARBK
137,Sep 23 2021,THRN
138,Sep 23 2021,RELY
139,Sep 23 2021,BRLT
140,Sep 23 2021,SOVO
141,Sep 23 2021,LOCC
142,Sep 23 2021,STER
143,Sep 23 2021,ESMT
144,Sep 22 2021,VBNK
145,Sep 22 2021,TOST
146,Sep 22 2021,FRSH
147,Sep 22 2021,ARGU
148,Sep 22 2021,IPAX
149,Sep 22 2021,AKA
150,Sep 21 2021,HHGC
151,Sep 16 2021,ACT
152,Sep 16 2021,FORG
153,Sep 16 2021,FLYA
154,Sep 15 2021,CIIG
155,Sep 15 2021,SIER
156,Sep 15 2021,KTTA
157,Sep 15 2021,EZFL
158,Sep 15 2021,BROS
159,Sep 15 2021,TWKS
160,Sep 15 2021,AEHA
161,Sep 15 2021,EDNC
162,Sep 15 2021,DICE
163,Sep 15 2021,ONON
164,Sep 15 2021,PRCT
165,Sep 15 2021,TYRA
166,Sep 15 2021,DH
167,Sep 15 2021,WINV
168,Sep 14 2021,SRAD
169,Sep 14 2021,PAFO
170,Sep 10 2021,FHLT
171,Sep 10 2021,FLAG
172,Sep 10 2021,BNIX
173,Sep 10 2021,SLVR
174,Sep 8 2021,BNNR
175,Sep 3 2021,DWAC
176,Sep 3 2021,OXUS
177,Sep 2 2021,GIPR
178,Sep 2 2021,DTRT
179,Sep 2 2021,INAQ
180,Sep 1 2021,CNDA
181,Aug 31 2021,DDI
182,Aug 31 2021,CHWA
183,Aug 31 2021,REVE
184,Aug 27 2021,SQL
185,Aug 26 2021,MEOA
186,Aug 26 2021,SWSS
187,Aug 26 2021,CCAI
188,Aug 26 2021,RNXT
189,Aug 20 2021,WAVC
190,Aug 13 2021,JAQC
191,Aug 13 2021,KCGI
192,Aug 13 2021,AACI
193,Aug 13 2021,DATS
194,Aug 13 2021,DRMA
195,Aug 13 2021,APMI
196,Aug 13 2021,CENQ
197,Aug 12 2021,PPHP
198,Aug 12 2021,AFTR
199,Aug 12 2021,SSBK
200,Aug 12 2021,OXAC
201,Aug 11 2021,VCXA
202,Aug 11 2021,TPBA
203,Aug 11 2021,DCRD
204,Aug 11 2021,CNTQ
205,Aug 11 2021,WQGA
206,Aug 11 2021,PONO
207,Aug 10 2021,AHPA
208,Aug 10 2021,CPAA
209,Aug 10 2021,ASPA
210,Aug 10 2021,ELYM
211,Aug 6 2021,RVAC
212,Aug 6 2021,NOVV
213,Aug 6 2021,ROCG
214,Aug 6 2021,ADGI
215,Aug 5 2021,WEBR
216,Aug 5 2021,EWCZ
217,Aug 5 2021,GLEE
218,Aug 4 2021,AMCI
219,Aug 4 2021,BWC
220,Aug 3 2021,HWEL
221,Jul 30 2021,RANI
222,Jul 30 2021,XPAX
223,Jul 30 2021,DOLE
224,Jul 30 2021,INAB
225,Jul 30 2021,OMGA
226,Jul 30 2021,IMRX
227,Jul 30 2021,RXST
228,Jul 30 2021,TNYA
229,Jul 30 2021,MXCT
230,Jul 29 2021,ICVX
231,Jul 29 2021,RSKD
232,Jul 29 2021,COOK
233,Jul 29 2021,IMAQ
234,Jul 29 2021,NUVL
235,Jul 29 2021,RLYB
236,Jul 29 2021,MTAL
237,Jul 29 2021,HOOD
238,Jul 29 2021,SWAG
239,Jul 28 2021,APTM
240,Jul 28 2021,DUOL
241,Jul 28 2021,SNPO
242,Jul 28 2021,MEAC
243,Jul 28 2021,DALS
244,Jul 28 2021,PWSC
245,Jul 28 2021,MLNK
246,Jul 27 2021,WRAC
247,Jul 27 2021,CADL
248,Jul 27 2021,ALPA
249,Jul 23 2021,XPOF
250,Jul 23 2021,OB
251,Jul 23 2021,BLNG
252,Jul 23 2021,GAMB
253,Jul 23 2021,CNM
254,Jul 23 2021,CTKB
255,Jul 23 2021,CRBU
256,Jul 23 2021,SOPH
257,Jul 22 2021,ZVIA
258,Jul 22 2021,ZENV
259,Jul 22 2021,BASE
260,Jul 22 2021,ABSI
261,Jul 22 2021,INST
262,Jul 22 2021,RYAN
263,Jul 21 2021,PFTA
264,Jul 21 2021,LAW
265,Jul 21 2021,VEEE
266,Jul 21 2021,KLTR
267,Jul 21 2021,VTEX
268,Jul 21 2021,PYCR
269,Jul 20 2021,CLAY
270,Jul 20 2021,TRTL
271,Jul 20 2021,HCWB
272,Jul 20 2021,CLOE
273,Jul 16 2021,TCRX
274,Jul 16 2021,BSAQ
275,Jul 16 2021,RGC
276,Jul 16 2021,IMGO
277,Jul 16 2021,ERAS
278,Jul 16 2021,TWCB
279,Jul 16 2021,APAC
280,Jul 16 2021,STVN
281,Jul 16 2021,BLND
282,Jul 16 2021,BRDG
283,Jul 15 2021,SERA
284,Jul 15 2021,MCG
285,Jul 15 2021,CLAQ
286,Jul 15 2021,UPTD
287,Jul 15 2021,RPID
288,Jul 15 2021,PECO
289,Jul 15 2021,SGHT
290,Jul 15 2021,FXLV
291,Jul 14 2021,JATT
292,Jul 14 2021,IINN
293,Jul 13 2021,UNCY
294,Jul 13 2021,ARYE
295,Jul 12 2021,GWII
296,Jul 9 2021,RNAZ
297,Jul 9 2021,GLTA
298,Jul 9 2021,SNTG
299,Jul 9 2021,ACRO
300,Jul 8 2021,ALCC
301,Jul 8 2021,MITQ
302,Jul 8 2021,AGRI
303,Jul 8 2021,RICO
304,Jul 2 2021,NYXH
305,Jul 1 2021,VRAR
306,Jul 1 2021,ABOS
307,Jul 1 2021,FICV
308,Jul 1 2021,CURV
309,Jul 1 2021,GGGV
310,Jul 1 2021,HEPS
311,Jul 1 2021,DRAY
312,Jul 1 2021,CORS
313,Jul 1 2021,EVCM
314,Jul 1 2021,WAVE
315,Jul 1 2021,DNUT
316,Jun 30 2021,CPOP
317,Jun 30 2021,MCAF
318,Jun 30 2021,AVTE
319,Jun 30 2021,SHQA
320,Jun 30 2021,YOU
321,Jun 30 2021,XMTR
322,Jun 30 2021,IAS
323,Jun 30 2021,DNAD
324,Jun 30 2021,DIDI
325,Jun 30 2021,CVRX
326,Jun 30 2021,LZ
327,Jun 30 2021,INTA
328,Jun 30 2021,DNAA
329,Jun 30 2021,S
330,Jun 30 2021,DNAB
331,Jun 30 2021,THCP
332,Jun 30 2021,DNAC
333,Jun 29 2021,GOBI
334,Jun 29 2021,EOCW
335,Jun 29 2021,DDL
336,Jun 25 2021,ACXP
337,Jun 25 2021,GHRS
338,Jun 25 2021,TKNO
339,Jun 25 2021,GMVD
340,Jun 25 2021,ELEV
341,Jun 25 2021,GRPH
342,Jun 25 2021,MCW
343,Jun 25 2021,MF
344,Jun 24 2021,FTVI
345,Jun 24 2021,MIRO
346,Jun 24 2021,GRVI
347,Jun 24 2021,BON
348,Jun 24 2021,BHG
349,Jun 24 2021,DOCS
350,Jun 24 2021,CFLT
351,Jun 24 2021,GLUE
352,Jun 24 2021,NLIT
353,Jun 23 2021,CXM
354,Jun 23 2021,FA
355,Jun 23 2021,MITA
356,Jun 22 2021,GPCO
357,Jun 22 2021,YMM
358,Jun 18 2021,FEMY
359,Jun 18 2021,IPSC
360,Jun 18 2021,ATAI
361,Jun 18 2021,JUGG
362,Jun 18 2021,CYT
363,Jun 18 2021,AMAM
364,Jun 18 2021,TRMR
365,Jun 18 2021,RERE
366,Jun 18 2021,DNAY
367,Jun 17 2021,ISPC
368,Jun 17 2021,TRON
369,Jun 17 2021,LYEL
370,Jun 17 2021,VERV
371,Jun 17 2021,AOMR
372,Jun 16 2021,RONI
373,Jun 16 2021,WKME
374,Jun 16 2021,ZT
375,Jun 16 2021,CNVY
376,Jun 16 2021,MOLN
377,Jun 15 2021,DILA
378,Jun 15 2021,ALZN
379,Jun 15 2021,GSQB
380,Jun 11 2021,JANX
381,Jun 11 2021,TASK
382,Jun 11 2021,HCNE
383,Jun 11 2021,LITT
384,Jun 11 2021,LAAA
385,Jun 11 2021,BZ
386,Jun 10 2021,DIBS
387,Jun 10 2021,BSGA
388,Jun 10 2021,MNDY
389,Jun 10 2021,LFST
390,Jun 10 2021,ZETA
391,Jun 9 2021,ISAA
392,Jun 9 2021,GACQ
393,Jun 9 2021,MQ
394,Jun 9 2021,CLBR
395,Jun 9 2021,SMIH
396,Jun 8 2021,SPK
397,Jun 8 2021,ZME
398,Jun 3 2021,DLO
399,May 28 2021,OTEC
400,May 28 2021,CNTA
401,May 27 2021,DAWN
402,May 27 2021,OMIC
403,May 27 2021,FIGS
404,May 26 2021,PSPC
405,May 26 2021,FLYW
406,May 26 2021,EGGF
407,May 26 2021,ZIP
408,May 26 2021,PAY
409,May 26 2021,DYNS
410,May 25 2021,FWAC
411,May 21 2021,GFOR
412,May 20 2021,PCOR
413,May 20 2021,OTLY
414,May 19 2021,RAM
415,May 19 2021,GIW
416,May 19 2021,SQSP
417,May 19 2021,SKYA
418,May 18 2021,MCAE
419,May 18 2021,POND
420,May 18 2021,CPAR
421,May 18 2021,JZXN
422,May 14 2021,OSI
423,May 14 2021,ARTA
424,May 14 2021,VERA
425,May 14 2021,DBGI
426,May 13 2021,ORIA
427,May 12 2021,SMWB
428,May 12 2021,GLBE
429,May 12 2021,IPW
430,May 11 2021,FLGC
431,May 7 2021,WDH
432,May 7 2021,BRIV
433,May 7 2021,TALS
434,May 7 2021,ANEB
435,May 7 2021,DKDCA
436,May 7 2021,OG
437,May 7 2021,BWMN
438,May 6 2021,VALN
439,May 5 2021,FSBC
440,May 5 2021,HNST
441,May 5 2021,MAQC
442,May 4 2021,ALF
443,May 4 2021,VLAT
444,Apr 30 2021,IACC
445,Apr 30 2021,VACC
446,Apr 30 2021,HOWL
447,Apr 29 2021,AVAH
448,Apr 29 2021,BSKY
449,Apr 29 2021,EDR
450,Apr 29 2021,TUGC
451,Apr 29 2021,PRVA
452,Apr 28 2021,FTCI
453,Apr 23 2021,AGTI
454,Apr 23 2021,IMPL
455,Apr 23 2021,RAIN
456,Apr 23 2021,TMCI
457,Apr 23 2021,SWIM
458,Apr 22 2021,NPCE
459,Apr 22 2021,KNBE
460,Apr 22 2021,ZY
461,Apr 21 2021,PATH
462,Apr 21 2021,DV
463,Apr 21 2021,SKYT
464,Apr 20 2021,IFBD
465,Apr 20 2021,TRKA
466,Apr 16 2021,RXRX
467,Apr 16 2021,AKYA
468,Apr 16 2021,BMEA
469,Apr 15 2021,TSP
470,Apr 15 2021,AGL
471,Apr 15 2021,EBET
472,Apr 15 2021,APP
473,Apr 15 2021,KRT
474,Apr 14 2021,TCVA
475,Apr 14 2021,ALKT
476,Apr 14 2021,YTPG
477,Apr 14 2021,COIN
478,Apr 9 2021,VECT
479,Apr 9 2021,ADF
480,Apr 9 2021,GLSPT
481,Apr 9 2021,RPHM
482,Apr 9 2021,TPGS
483,Apr 8 2021,MPAC
484,Apr 8 2021,TIOA
485,Apr 7 2021,PANA
486,Apr 7 2021,CMLT
487,Apr 6 2021,ACBA
488,Apr 6 2021,UTME
489,Apr 1 2021,KARO
490,Apr 1 2021,COMP
491,Apr 1 2021,EM
492,Apr 1 2021,ULCC
493,Mar 31 2021,MBTC
494,Mar 31 2021,ACHL
495,Mar 31 2021,COUR
496,Mar 30 2021,TWOA
497,Mar 26 2021,HYW
498,Mar 26 2021,DSGN
499,Mar 26 2021,EWTX
500,Mar 26 2021,ALHC
501,Mar 26 2021,TDUP
502,Mar 26 2021,IKNA
503,Mar 26 2021,ZH
504,Mar 25 2021,OLK
505,Mar 25 2021,MSDA
506,Mar 25 2021,CRCT
507,Mar 25 2021,LVTX
508,Mar 25 2021,EEIQ
509,Mar 25 2021,LCA
510,Mar 25 2021,VZIO
511,Mar 25 2021,DSEY
512,Mar 25 2021,SEMR
513,Mar 24 2021,NGC
514,Mar 24 2021,DISA
515,Mar 24 2021,KVSB
516,Mar 24 2021,DOCN
517,Mar 24 2021,KVSC
518,Mar 24 2021,DCRC
519,Mar 24 2021,CRZN
520,Mar 24 2021,ACVA
521,Mar 23 2021,NGCA
522,Mar 23 2021,ACTD
523,Mar 23 2021,OPA
524,Mar 23 2021,GLHA
525,Mar 23 2021,UPC
526,Mar 23 2021,TBSA
527,Mar 23 2021,LEGA
528,Mar 23 2021,MOVE
529,Mar 23 2021,NBST
530,Mar 23 2021,DGNU
531,Mar 23 2021,VGII
532,Mar 23 2021,STRE
533,Mar 23 2021,GGPI
534,Mar 23 2021,RKTA
535,Mar 19 2021,LDHA
536,Mar 19 2021,LGV
537,Mar 19 2021,AFAQ
538,Mar 19 2021,LVRA
539,Mar 19 2021,AFCG
540,Mar 19 2021,BYTS
541,Mar 19 2021,TIL
542,Mar 19 2021,FNCH
543,Mar 19 2021,CNTB
544,Mar 19 2021,GGMC
545,Mar 18 2021,GXII
546,Mar 18 2021,AAQC
547,Mar 18 2021,GANX
548,Mar 18 2021,RACB
549,Mar 18 2021,TUYA
550,Mar 18 2021,REVH
551,Mar 18 2021,VEI
552,Mar 18 2021,FMIV
553,Mar 18 2021,AMAO
554,Mar 18 2021,NAPA
555,Mar 17 2021,GAMC
556,Mar 17 2021,JWEL
557,Mar 17 2021,TETC
558,Mar 17 2021,KSI
559,Mar 17 2021,ATHN
560,Mar 17 2021,OLO
561,Mar 17 2021,KAHC
562,Mar 17 2021,BGSX
563,Mar 17 2021,SNCY
564,Mar 16 2021,RTPY
565,Mar 16 2021,PLMI
566,Mar 16 2021,EBAC
567,Mar 16 2021,WALD
568,Mar 16 2021,FZT
569,Mar 16 2021,FVIV
570,Mar 12 2021,ROSS
571,Mar 12 2021,FTPA
572,Mar 12 2021,CFFE
573,Mar 12 2021,GTPA
574,Mar 12 2021,GTPB
575,Mar 12 2021,JOAN
576,Mar 12 2021,RXDX
577,Mar 12 2021,LBPH
578,Mar 12 2021,MITC
579,Mar 12 2021,HAYW
580,Mar 12 2021,SCAQ
581,Mar 11 2021,SPKB
582,Mar 11 2021,CPNG
583,Mar 11 2021,FHS
584,Mar 11 2021,FRON
585,Mar 11 2021,LCAA
586,Mar 11 2021,PTOC
587,Mar 11 2021,ATSP
588,Mar 11 2021,GAPA
589,Mar 10 2021,RBLX
590,Mar 10 2021,CLAA
591,Mar 10 2021,FRXB
592,Mar 10 2021,VAQC
593,Mar 10 2021,FRW
594,Mar 10 2021,SBII
595,Mar 10 2021,ESM
596,Mar 10 2021,AGGR
597,Mar 10 2021,DTOC
598,Mar 9 2021,PDOT
599,Mar 9 2021,SVFB
600,Mar 9 2021,SVFC
601,Mar 9 2021,ACQR
602,Mar 9 2021,GROY
603,Mar 5 2021,LHAA
604,Mar 5 2021,VPCB
605,Mar 5 2021,VPCC
606,Mar 5 2021,FRSG
607,Mar 5 2021,TWNT
608,Mar 5 2021,ATVC
609,Mar 5 2021,IPVI
610,Mar 5 2021,IPVF
611,Mar 5 2021,IPVA
612,Mar 5 2021,DMYQ
613,Mar 5 2021,WPCA
614,Mar 5 2021,WPCB
615,Mar 4 2021,INNV
616,Mar 4 2021,HERA
617,Mar 4 2021,PSAG
618,Mar 4 2021,KVSA
619,Mar 4 2021,MBAC
620,Mar 4 2021,ATAQ
621,Mar 4 2021,RXRA
622,Mar 4 2021,ACAH
623,Mar 4 2021,TRCA
624,Mar 4 2021,AURC
625,Mar 3 2021,ISOS
626,Mar 3 2021,OSCR
627,Mar 3 2021,MACC
628,Mar 3 2021,ROCR
629,Mar 2 2021,SNII
630,Mar 2 2021,NSTC
631,Mar 2 2021,OHPA
632,Mar 2 2021,NSTD
633,Mar 2 2021,TSPQ
634,Mar 2 2021,HYAC
635,Mar 2 2021,GBRG
636,Mar 2 2021,LOKM
637,Mar 2 2021,ANZU
638,Mar 2 2021,DHBC
639,Mar 2 2021,ARRW
640,Mar 2 2021,NDAC
641,Mar 2 2021,FTEV
642,Mar 2 2021,DHCA
643,Mar 2 2021,AMPI
644,Feb 26 2021,MACQ
645,Feb 26 2021,TWLV
646,Feb 26 2021,KCAC
647,Feb 26 2021,AGAC
648,Feb 26 2021,FSNB
649,Feb 26 2021,IBER
650,Feb 26 2021,AUS
651,Feb 26 2021,LIII
652,Feb 26 2021,ASZ
653,Feb 26 2021,FACT
654,Feb 26 2021,ARYD
655,Feb 26 2021,SBEA
656,Feb 26 2021,WARR
657,Feb 25 2021,ISLE
658,Feb 25 2021,GIIX
659,Feb 25 2021,HUGS
660,Feb 25 2021,EJFA
661,Feb 25 2021,SCR
662,Feb 25 2021,FLME
663,Feb 24 2021,COLI
664,Feb 24 2021,HIII
665,Feb 24 2021,BOAS
666,Feb 24 2021,GLBL
667,Feb 24 2021,SRNG
668,Feb 23 2021,SLAM
669,Feb 23 2021,VELO
670,Feb 23 2021,FTAA
671,Feb 23 2021,CMII
672,Feb 23 2021,ANAC
673,Feb 23 2021,GSEV
674,Feb 19 2021,BRPM
675,Feb 19 2021,CFVI
676,Feb 19 2021,ASPC
677,Feb 19 2021,SPGS
678,Feb 19 2021,TWNI
679,Feb 19 2021,FACA
680,Feb 18 2021,FSRX
681,Feb 18 2021,KAII
682,Feb 18 2021,KIII
683,Feb 17 2021,FSII
684,Feb 17 2021,AUUD
685,Feb 17 2021,NVSA
686,Feb 17 2021,ABGI
687,Feb 17 2021,MACA
688,Feb 17 2021,SPTK
689,Feb 17 2021,PFDR
690,Feb 17 2021,VRPX
691,Feb 16 2021,MSAC
692,Feb 12 2021,TLIS
693,Feb 12 2021,CVII
694,Feb 12 2021,SLAC
695,Feb 12 2021,BITE
696,Feb 12 2021,CHAA
697,Feb 12 2021,TCAC
698,Feb 12 2021,TSIB
699,Feb 12 2021,CCVI
700,Feb 12 2021,DBTX
701,Feb 12 2021,RCLF
702,Feb 12 2021,SCLE
703,Feb 12 2021,LGVN
704,Feb 12 2021,NEXI
705,Feb 11 2021,LDI
706,Feb 11 2021,APR
707,Feb 11 2021,BMBL
708,Feb 11 2021,BVS
709,Feb 11 2021,SGFY
710,Feb 11 2021,PUCK
711,Feb 11 2021,IACB
712,Feb 10 2021,BPTS
713,Feb 10 2021,LGAC
714,Feb 10 2021,VLON
715,Feb 10 2021,DSP
716,Feb 10 2021,SCOB
717,Feb 10 2021,APGB
718,Feb 10 2021,XPDI
719,Feb 10 2021,FORE
720,Feb 9 2021,RAAS
721,Feb 9 2021,ADAG
722,Feb 9 2021,PGRW
723,Feb 9 2021,CPTK
724,Feb 9 2021,SPAQ
725,Feb 9 2021,VENA
726,Feb 9 2021,EVOJ
727,Feb 9 2021,ENNV
728,Feb 9 2021,GIG
729,Feb 9 2021,PMGM
730,Feb 9 2021,ADRA
731,Feb 9 2021,PICC
732,Feb 9 2021,SDH
733,Feb 8 2021,BAOS
734,Feb 5 2021,BOLT
735,Feb 5 2021,TERN
736,Feb 5 2021,SDAC
737,Feb 5 2021,LHDX
738,Feb 5 2021,VOR
739,Feb 5 2021,ANGN
740,Feb 5 2021,TBCP
741,Feb 5 2021,JOFF
742,Feb 5 2021,KURI
743,Feb 5 2021,RMGC
744,Feb 5 2021,PHVS
745,Feb 5 2021,CNEY
746,Feb 5 2021,QFTA
747,Feb 5 2021,EVAX
748,Feb 5 2021,FWAA
749,Feb 5 2021,CPUH
750,Feb 5 2021,COVA
751,Feb 5 2021,IMCR
752,Feb 5 2021,HHLA
753,Feb 5 2021,GSQD
754,Feb 5 2021,ATMR
755,Feb 4 2021,CENH
756,Feb 4 2021,SANA
757,Feb 4 2021,NXU
758,Feb 4 2021,LABP
759,Feb 4 2021,ASAX
760,Feb 4 2021,ACII
761,Feb 4 2021,DCRN
762,Feb 4 2021,ATC
763,Feb 4 2021,ITQ
764,Feb 4 2021,SNSE
765,Feb 3 2021,GHAC
766,Feb 3 2021,TMAC
767,Feb 3 2021,ONTF
768,Feb 3 2021,TIXT
769,Feb 3 2021,PRPC
770,Feb 3 2021,KRNL
771,Feb 2 2021,JWSM
772,Feb 2 2021,THMA
773,Feb 2 2021,MDH
774,Feb 2 2021,AAC
775,Feb 2 2021,NRAC
776,Jan 29 2021,NLSP
777,Jan 29 2021,CFV
778,Jan 29 2021,BCAC
779,Jan 29 2021,TRIN
780,Jan 29 2021,EQHA
781,Jan 29 2021,HMPT
782,Jan 29 2021,ZWRK
783,Jan 29 2021,MIT
784,Jan 29 2021,CLRM
785,Jan 29 2021,GCAC
786,Jan 29 2021,BLUA
787,Jan 28 2021,ZIM
788,Jan 28 2021,OCDX
789,Jan 28 2021,VINP
790,Jan 28 2021,AGFY
791,Jan 28 2021,XM
792,Jan 28 2021,TLGA
793,Jan 28 2021,ITHX
794,Jan 28 2021,IGNY
795,Jan 27 2021,FSSI
796,Jan 27 2021,CSTA
797,Jan 27 2021,CAHC
798,Jan 27 2021,CLIM
799,Jan 27 2021,SHLS
800,Jan 27 2021,HCAQ
801,Jan 27 2021,TIRX
802,Jan 26 2021,LMAO
803,Jan 26 2021,BIOT
804,Jan 26 2021,HCII
805,Jan 26 2021,EZGO
806,Jan 26 2021,DHHC
807,Jan 26 2021,NSTB
808,Jan 26 2021,LMDX
809,Jan 26 2021,DNZ
810,Jan 26 2021,SSAA
811,Jan 26 2021,BTNB
812,Jan 22 2021,LMACA
813,Jan 22 2021,PAX
814,Jan 22 2021,SHAC
815,Jan 22 2021,JCIC
816,Jan 22 2021,PV
817,Jan 22 2021,VOSO
818,Jan 22 2021,MNTK
819,Jan 22 2021,NAAC
820,Jan 22 2021,EUSG
821,Jan 22 2021,RLX
822,Jan 22 2021,HUDI
823,Jan 22 2021,OEPW
824,Jan 21 2021,MYTE
825,Jan 21 2021,DFH
826,Jan 20 2021,GMBT
827,Jan 20 2021,GMII
828,Jan 20 2021,LEGO
829,Jan 20 2021,OSTR
830,Jan 20 2021,FOXW
831,Jan 20 2021,TZPS
832,Jan 15 2021,EAC
833,Jan 15 2021,CLAS
834,Jan 15 2021,DRVN
835,Jan 15 2021,HCIC
836,Jan 15 2021,AEAC
837,Jan 15 2021,PLTK
838,Jan 15 2021,OCAX
839,Jan 15 2021,ADER
840,Jan 15 2021,HCCC
841,Jan 15 2021,GNAC
842,Jan 15 2021,ROT
843,Jan 14 2021,WOOF
844,Jan 14 2021,ENVI
845,Jan 14 2021,POSH
846,Jan 14 2021,SLCR
847,Jan 14 2021,MON
848,Jan 13 2021,AFRM
849,Jan 13 2021,MSGM
850,Jan 13 2021,DLCA
851,Jan 13 2021,HLAH
852,Jan 13 2021,NGAB
853,Jan 13 2021,FCAX
854,Jan 13 2021,PNTM
855,Jan 13 2021,FINM
856,Jan 12 2021,BCYP
857,Jan 12 2021,KUKE
858,Jan 12 2021,ENFA
859,Jan 12 2021,GPAC
860,Jan 12 2021,ADEX
861,Jan 12 2021,QLI
862,Jan 12 2021,SWET
863,Jan 11 2021,LJAQ
864,Jan 8 2021,MCAD
865,Jan 8 2021,LHC
866,Jan 8 2021,TMKR
867,Jan 8 2021,PAQC
868,Jan 8 2021,EPHY
869,Jan 8 2021,POW
870,Jan 8 2021,KLAQ
871,Jan 8 2021,GSAQ
872,Jan 8 2021,PRSR
873,Jan 8 2021,EPWR
874,Jan 8 2021,CGEM
875,Jan 8 2021,PACX
876,Jan 8 2021,SVFA
877,Jan 8 2021,LWAC
878,Jan 8 2021,GRCL
879,Jan 8 2021,SWBK
880,Jan 7 2021,BLTS
881,Jan 7 2021,VTIQ
882,Jan 7 2021,OMEG
883,Jan 7 2021,IVAN
884,Jan 7 2021,AGCB
885,Jan 7 2021,INKA
886,Jan 7 2021,VCKA
887,Jan 6 2021,PPGH
888,Jan 6 2021,STPC
889,Jan 6 2021,AKIC
890,Jan 6 2021,KAIR
891,Jan 5 2021,CRU
892,Jan 5 2021,BENE
893,Jan 5 2021,FVT
